funcion_entrenamiento,C,CM1_1,CM1_2,CM1_3,CM2_1,CM2_2,CM2_3,CM3_1,CM3_2,CM3_3,tiempo_entrenamiento,max_fail,alpha,beta
traincgb,0.0155555555555556,144,8,14,3,302,63,6,18,6642,25.53125,10000,0.001,0.1
traincgb,0.0130555555555556,148,6,12,2,310,56,9,9,6648,9.828125,10000,0.001,0.1
traincgb,0.0105555555555556,155,1,10,6,328,34,12,13,6641,23.953125,10000,0.001,0.1
traincgb,0.0111111111111111,151,3,12,0,329,39,12,14,6640,18.6875,10000,0.001,0.1
traincgb,0.0148611111111111,139,10,17,3,311,54,9,14,6643,25.390625,10000,0.001,0.1
traincgb,0.0133333333333333,150,8,8,4,311,53,9,14,6643,11.3125,10000,0.001,0.1
traincgb,0.0190277777777778,142,11,13,3,281,84,8,18,6640,25.1875,10000,0.001,0.1
traincgb,0.0166666666666667,147,6,13,3,299,66,11,21,6634,25.046875,10000,0.001,0.1
traincgb,0.0133333333333333,147,5,14,2,321,45,12,18,6636,25.09375,10000,0.001,0.1
traincgb,0.0152777777777778,150,4,12,1,309,58,15,20,6631,25.4375,10000,0.001,0.1
traincgb,0.0119444444444444,152,5,9,2,321,45,8,17,6641,24.609375,10000,0.001,0.1
traincgb,0.00861111111111111,157,2,7,1,341,26,6,20,6640,26.59375,10000,0.001,0.1
traincgb,0.0123611111111111,143,7,16,1,323,44,10,11,6645,25.53125,10000,0.001,0.1
traincgb,0.0126388888888889,142,11,13,3,322,43,7,14,6645,24.6875,10000,0.001,0.1
traincgb,0.00972222222222222,155,3,8,2,333,33,9,15,6642,25.40625,10000,0.001,0.1
traincgb,0.0168055555555556,141,7,18,4,297,67,13,12,6641,24.6875,10000,0.001,0.1
traincgb,0.00902777777777778,153,3,10,1,338,29,9,13,6644,16.421875,10000,0.001,0.1
traincgb,0.0134722222222222,148,5,13,2,316,50,15,12,6639,24.390625,10000,0.001,0.1
traincgb,0.0181944444444444,140,7,19,0,289,79,7,19,6640,24.9375,10000,0.001,0.1
traincgb,0.0125,151,5,10,2,316,50,7,16,6643,25.84375,10000,0.001,0.1
