funcion_entrenamiento,C,CM1_1,CM1_2,CM1_3,CM2_1,CM2_2,CM2_3,CM3_1,CM3_2,CM3_3,tiempo_entrenamiento,max_fail,alpha,beta
traincgf,0.0129166666666667,151,2,13,3,323,42,14,19,6633,19.453125,10000,0.002,0.3
traincgf,0.0120833333333333,142,0,24,3,331,34,7,19,6640,20.859375,10000,0.002,0.3
traincgf,0.01375,144,11,11,3,320,45,7,22,6637,20.046875,10000,0.002,0.3
traincgf,0.0130555555555556,148,12,6,4,328,36,11,25,6630,20.1875,10000,0.002,0.3
traincgf,0.0129166666666667,151,3,12,5,319,44,13,16,6637,19.484375,10000,0.002,0.3
traincgf,0.0140277777777778,144,9,13,4,321,43,16,16,6634,20.21875,10000,0.002,0.3
traincgf,0.0147222222222222,151,2,13,2,311,55,11,23,6632,20.640625,10000,0.002,0.3
traincgf,0.0140277777777778,144,9,13,3,316,49,9,18,6639,18.6875,10000,0.002,0.3
traincgf,0.0156944444444444,138,8,20,11,318,39,15,20,6631,20.203125,10000,0.002,0.3
traincgf,0.0127777777777778,143,7,16,1,321,46,12,10,6644,19.984375,10000,0.002,0.3
traincgf,0.01,152,6,8,3,342,23,19,13,6634,20.875,10000,0.002,0.3
traincgf,0.0169444444444444,138,4,24,3,308,57,7,27,6632,19.515625,10000,0.002,0.3
traincgf,0.0118055555555556,141,5,20,2,331,35,6,17,6643,20.59375,10000,0.002,0.3
traincgf,0.0147222222222222,145,5,16,4,315,49,12,20,6634,21.59375,10000,0.002,0.3
traincgf,0.0165277777777778,146,8,12,6,303,59,12,22,6632,21,10000,0.002,0.3
traincgf,0.0184722222222222,137,12,17,6,292,70,8,20,6638,21.140625,10000,0.002,0.3
traincgf,0.0118055555555556,146,7,13,3,331,34,5,23,6638,20.640625,10000,0.002,0.3
traincgf,0.0145833333333333,150,10,6,4,315,49,19,17,6630,19.234375,10000,0.002,0.3
traincgf,0.0131944444444444,150,8,8,5,327,36,9,29,6628,21.390625,10000,0.002,0.3
traincgf,0.01375,143,8,15,4,317,47,11,14,6641,20.453125,10000,0.002,0.3
