funcion_entrenamiento,C,CM1_1,CM1_2,CM1_3,CM2_1,CM2_2,CM2_3,CM3_1,CM3_2,CM3_3,tiempo_entrenamiento,max_fail,alpha,beta
traincgb,0.0101388888888889,152,3,11,4,331,33,9,13,6644,21.046875,10000,0.002,0.3
traincgb,0.0158333333333333,143,9,14,6,301,61,12,12,6642,9.1875,10000,0.002,0.3
traincgb,0.0297222222222222,139,14,13,4,211,153,15,15,6636,4.140625,10000,0.002,0.3
traincgb,0.0276388888888889,136,12,18,4,231,133,14,18,6634,4.65625,10000,0.002,0.3
traincgb,0.0108333333333333,151,7,8,2,328,38,11,12,6643,18.1875,10000,0.002,0.3
traincgb,0.0226388888888889,134,17,15,5,265,98,11,17,6638,21.0625,10000,0.002,0.3
traincgb,0.0256944444444444,141,11,14,5,236,127,14,14,6638,5.8125,10000,0.002,0.3
traincgb,0.0113888888888889,148,6,12,0,323,45,9,10,6647,21.109375,10000,0.002,0.3
traincgb,0.0204166666666667,139,13,14,1,277,90,9,20,6637,6.515625,10000,0.002,0.3
traincgb,0.0130555555555556,145,9,12,5,318,45,9,14,6643,21.859375,10000,0.002,0.3
traincgb,0.0145833333333333,154,2,10,6,303,59,10,18,6638,13.78125,10000,0.002,0.3
traincgb,0.0136111111111111,147,9,10,2,315,51,9,17,6640,21.28125,10000,0.002,0.3
traincgb,0.015,146,4,16,1,304,63,11,13,6642,21.359375,10000,0.002,0.3
traincgb,0.0140277777777778,151,3,12,3,303,62,8,13,6645,21.3125,10000,0.002,0.3
traincgb,0.0193055555555556,141,12,13,1,285,82,16,15,6635,21.8125,10000,0.002,0.3
traincgb,0.0104166666666667,157,2,7,1,325,42,8,15,6643,21.40625,10000,0.002,0.3
traincgb,0.0209722222222222,135,12,19,3,272,93,10,14,6642,21.5625,10000,0.002,0.3
traincgb,0.0134722222222222,150,5,11,1,315,52,10,18,6638,21.015625,10000,0.002,0.3
traincgb,0.0156944444444444,153,3,10,2,298,68,14,16,6636,7.296875,10000,0.002,0.3
traincgb,0.015,145,4,17,1,302,65,8,13,6645,21.546875,10000,0.002,0.3
