funcion_entrenamiento,C,CM1_1,CM1_2,CM1_3,CM2_1,CM2_2,CM2_3,CM3_1,CM3_2,CM3_3,tiempo_entrenamiento,max_fail,alpha,beta
traincgf,0.00902777777777778,157,2,7,3,337,28,11,14,6641,24.078125,10000,0.001,0.1
traincgf,0.0402777777777778,130,23,13,29,160,179,11,35,6620,23.640625,10000,0.001,0.1
traincgf,0.00888888888888889,154,0,12,1,344,23,11,17,6638,24.296875,10000,0.001,0.1
traincgf,0.0431944444444444,134,15,17,10,133,225,15,29,6622,23.4375,10000,0.001,0.1
traincgf,0.0123611111111111,150,4,12,3,321,44,11,15,6640,24,10000,0.001,0.1
traincgf,0.0144444444444444,142,3,21,1,321,46,9,24,6633,23.875,10000,0.001,0.1
traincgf,0.0148611111111111,147,9,10,4,312,52,11,21,6634,23.09375,10000,0.001,0.1
traincgf,0.0129166666666667,148,8,10,0,328,40,21,14,6631,23.78125,10000,0.001,0.1
traincgf,0.0140277777777778,153,6,7,6,316,46,14,22,6630,24.421875,10000,0.001,0.1
traincgf,0.00986111111111111,151,5,10,2,339,27,11,16,6639,24.875,10000,0.001,0.1
traincgf,0.01375,146,6,14,2,324,42,17,18,6631,23.15625,10000,0.001,0.1
traincgf,0.0163888888888889,140,16,10,13,309,46,10,23,6633,22.9375,10000,0.001,0.1
traincgf,0.0138888888888889,146,6,14,1,326,41,16,22,6628,23.3125,10000,0.001,0.1
traincgf,0.0120833333333333,142,11,13,4,328,36,8,15,6643,22.375,10000,0.001,0.1
traincgf,0.0144444444444444,153,4,9,5,308,55,7,24,6635,22.671875,10000,0.001,0.1
traincgf,0.0219444444444444,136,8,22,7,282,79,12,30,6624,23.6875,10000,0.001,0.1
traincgf,0.0113888888888889,154,3,9,1,329,38,11,20,6635,23.8125,10000,0.001,0.1
traincgf,0.0154166666666667,139,11,16,8,318,42,15,19,6632,24.703125,10000,0.001,0.1
traincgf,0.0168055555555556,131,23,12,6,307,55,11,14,6641,25.96875,10000,0.001,0.1
traincgf,0.0106944444444444,159,3,4,1,327,40,15,14,6637,26.734375,10000,0.001,0.1
