funcion_entrenamiento,C,CM1_1,CM1_2,CM1_3,CM2_1,CM2_2,CM2_3,CM3_1,CM3_2,CM3_3,tiempo_entrenamiento,max_fail,alpha,beta
traincgf,0.0144444444444444,146,11,9,5,314,49,9,21,6636,27.328125,10000,0.002,0.1
traincgf,0.0172222222222222,136,8,22,8,302,58,6,22,6638,27.109375,10000,0.002,0.1
traincgf,0.01,153,3,10,13,337,18,12,16,6638,28.578125,10000,0.002,0.1
traincgf,0.0120833333333333,143,13,10,4,334,30,13,17,6636,24.71875,10000,0.002,0.1
traincgf,0.0116666666666667,142,7,17,2,331,35,5,18,6643,26,10000,0.002,0.1
traincgf,0.0176388888888889,135,12,19,5,297,66,14,11,6641,24.9375,10000,0.002,0.1
traincgf,0.0152777777777778,145,7,14,2,306,60,10,17,6639,24.9375,10000,0.002,0.1
traincgf,0.0119444444444444,153,2,11,1,328,39,17,16,6633,26.28125,10000,0.002,0.1
traincgf,0.015,142,6,18,5,318,45,9,25,6632,25.5,10000,0.002,0.1
traincgf,0.0118055555555556,153,4,9,3,327,38,9,22,6635,27.65625,10000,0.002,0.1
traincgf,0.0143055555555556,142,9,15,3,317,48,10,18,6638,25.4375,10000,0.002,0.1
traincgf,0.0190277777777778,142,11,13,21,288,59,9,24,6633,23.9375,10000,0.002,0.1
traincgf,0.0161111111111111,149,6,11,7,304,57,11,24,6631,23.640625,10000,0.002,0.1
traincgf,0.0120833333333333,146,8,12,6,325,37,7,17,6642,23.84375,10000,0.002,0.1
traincgf,0.0111111111111111,151,8,7,4,325,39,5,17,6644,23.890625,10000,0.002,0.1
traincgf,0.0125,153,3,10,4,326,38,11,24,6631,24.6875,10000,0.002,0.1
traincgf,0.0116666666666667,147,7,12,3,332,33,12,17,6637,23.625,10000,0.002,0.1
traincgf,0.0158333333333333,145,8,13,10,307,51,10,22,6634,23.46875,10000,0.002,0.1
traincgf,0.0123611111111111,153,5,8,7,321,40,11,18,6637,24.390625,10000,0.002,0.1
traincgf,0.0106944444444444,144,3,19,2,339,27,7,19,6640,23.5625,10000,0.002,0.1
