funcion_entrenamiento,C,CM1_1,CM1_2,CM1_3,CM2_1,CM2_2,CM2_3,CM3_1,CM3_2,CM3_3,tiempo_entrenamiento,max_fail,alpha,beta
traincgf,0.01,157,4,5,3,335,30,9,21,6636,27.109375,10000,0.004,0.1
traincgf,0.0120833333333333,148,3,15,1,333,34,13,21,6632,24.703125,10000,0.004,0.1
traincgf,0.0534722222222222,131,9,26,10,41,317,12,11,6643,25.265625,10000,0.004,0.1
traincgf,0.0113888888888889,141,1,24,2,335,31,8,16,6642,25.046875,10000,0.004,0.1
traincgf,0.015,146,7,13,9,313,46,15,18,6633,24.140625,10000,0.004,0.1
traincgf,0.0220833333333333,128,32,6,19,293,56,12,34,6620,24.34375,10000,0.004,0.1
traincgf,0.0129166666666667,145,5,16,3,323,42,10,17,6639,23.96875,10000,0.004,0.1
traincgf,0.0126388888888889,149,6,11,5,327,36,15,18,6633,24.59375,10000,0.004,0.1
traincgf,0.0338888888888889,139,13,14,21,198,149,16,31,6619,23.890625,10000,0.004,0.1
traincgf,0.0109722222222222,153,3,10,3,329,36,8,19,6639,25.6875,10000,0.004,0.1
traincgf,0.0119444444444444,152,3,11,2,326,40,6,24,6636,26.09375,10000,0.004,0.1
traincgf,0.0140277777777778,148,4,14,11,312,45,14,13,6639,25.0625,10000,0.004,0.1
traincgf,0.01375,139,3,24,4,313,51,5,12,6649,24.671875,10000,0.004,0.1
traincgf,0.0181944444444444,136,16,14,10,302,56,10,25,6631,25.578125,10000,0.004,0.1
traincgf,0.0172222222222222,140,12,14,11,300,57,8,22,6636,26.203125,10000,0.004,0.1
traincgf,0.0123611111111111,150,4,12,2,320,46,13,12,6641,26.03125,10000,0.004,0.1
traincgf,0.0258333333333333,133,20,13,29,258,81,8,35,6623,25.171875,10000,0.004,0.1
traincgf,0.0105555555555556,153,3,10,1,328,39,10,13,6643,25.09375,10000,0.004,0.1
traincgf,0.0163888888888889,141,14,11,7,313,48,12,26,6628,24.515625,10000,0.004,0.1
traincgf,0.0206944444444444,133,14,19,6,286,76,5,29,6632,25.234375,10000,0.004,0.1
