funcion_entrenamiento,C,CM1_1,CM1_2,CM1_3,CM2_1,CM2_2,CM2_3,CM3_1,CM3_2,CM3_3,tiempo_entrenamiento,max_fail,alpha,beta
traincgb,0.02375,146,9,11,3,247,118,12,18,6636,4.640625,10000,0.003,0.3
traincgb,0.0138888888888889,145,6,15,4,307,57,8,10,6648,20.921875,10000,0.003,0.3
traincgb,0.0227777777777778,142,11,13,5,257,106,15,14,6637,5.65625,10000,0.003,0.3
traincgb,0.0152777777777778,156,5,5,5,300,63,10,22,6634,21.921875,10000,0.003,0.3
traincgb,0.01625,143,6,17,1,301,66,8,19,6639,9.796875,10000,0.003,0.3
traincgb,0.0130555555555556,150,4,12,3,324,41,15,19,6632,22.0625,10000,0.003,0.3
traincgb,0.0302777777777778,135,16,15,6,214,148,16,17,6633,3.40625,10000,0.003,0.3
traincgb,0.0161111111111111,144,8,14,4,304,60,18,12,6636,10.015625,10000,0.003,0.3
traincgb,0.01625,146,3,17,2,295,71,10,14,6642,21.15625,10000,0.003,0.3
traincgb,0.01625,147,7,12,3,290,75,8,12,6646,5.953125,10000,0.003,0.3
traincgb,0.0202777777777778,136,13,17,2,284,82,18,14,6634,22.15625,10000,0.003,0.3
traincgb,0.0111111111111111,151,1,14,1,329,38,11,15,6640,21.375,10000,0.003,0.3
traincgb,0.0155555555555556,146,8,12,3,306,59,15,15,6636,21.609375,10000,0.003,0.3
traincgb,0.0233333333333333,135,16,15,2,254,112,8,15,6643,21.625,10000,0.003,0.3
traincgb,0.00708333333333333,159,2,5,0,342,26,6,12,6648,20.890625,10000,0.003,0.3
traincgb,0.0169444444444444,144,5,17,2,299,67,12,19,6635,21.34375,10000,0.003,0.3
traincgb,0.00944444444444444,156,2,8,2,339,27,13,16,6637,21.28125,10000,0.003,0.3
traincgb,0.0176388888888889,141,12,13,1,293,74,12,15,6639,7.421875,10000,0.003,0.3
traincgb,0.0316666666666667,140,11,15,6,194,168,16,12,6638,3.6875,10000,0.003,0.3
traincgb,0.0175,147,7,12,5,285,78,11,13,6642,4.9375,10000,0.003,0.3
