funcion_entrenamiento,C,CM1_1,CM1_2,CM1_3,CM2_1,CM2_2,CM2_3,CM3_1,CM3_2,CM3_3,tiempo_entrenamiento,max_fail,alpha,beta
traincgf,0.0126388888888889,144,5,17,1,327,40,7,21,6638,17.015625,10000,0.001,0.7
traincgf,0.0155555555555556,142,5,19,4,316,48,16,20,6630,16.6875,10000,0.001,0.7
traincgf,0.0163888888888889,144,5,17,1,299,68,11,16,6639,10.65625,10000,0.001,0.7
traincgf,0.0530555555555556,130,14,22,10,48,310,17,9,6640,2.21875,10000,0.001,0.7
traincgf,0.0423611111111111,139,18,9,17,136,215,15,31,6620,2.484375,10000,0.001,0.7
traincgf,0.02125,140,10,16,3,264,101,11,12,6643,8.84375,10000,0.001,0.7
traincgf,0.0198611111111111,135,15,16,8,286,74,7,23,6636,17.921875,10000,0.001,0.7
traincgf,0.0159722222222222,146,14,6,7,309,52,9,27,6630,16.703125,10000,0.001,0.7
traincgf,0.0623611111111111,87,13,66,1,9,358,4,7,6655,0.5625,10000,0.001,0.7
traincgf,0.0216666666666667,139,10,17,1,266,101,13,14,6639,10.609375,10000,0.001,0.7
traincgf,0.0148611111111111,145,7,14,4,313,51,17,14,6635,14.921875,10000,0.001,0.7
traincgf,0.0195833333333333,142,10,14,3,282,83,18,13,6635,19.640625,10000,0.001,0.7
traincgf,0.0161111111111111,149,6,11,3,307,58,17,21,6628,17.46875,10000,0.001,0.7
traincgf,0.02,140,10,16,2,273,93,12,11,6643,17.03125,10000,0.001,0.7
traincgf,0.0304166666666667,132,25,9,3,225,140,17,25,6624,5.5625,10000,0.001,0.7
traincgf,0.01875,140,7,19,2,282,84,9,14,6643,17.453125,10000,0.001,0.7
traincgf,0.0433333333333333,128,18,20,19,140,209,17,29,6620,2.59375,10000,0.001,0.7
traincgf,0.0473611111111111,129,16,21,8,118,242,18,36,6612,3.65625,10000,0.001,0.7
traincgf,0.0170833333333333,143,8,15,1,309,58,15,26,6625,17.5625,10000,0.001,0.7
traincgf,0.02,145,9,12,24,286,58,15,26,6625,8.28125,10000,0.001,0.7
