funcion_entrenamiento,C,CM1_1,CM1_2,CM1_3,CM2_1,CM2_2,CM2_3,CM3_1,CM3_2,CM3_3,tiempo_entrenamiento,max_fail,alpha,beta
traincgb,0.0595833333333333,117,10,39,6,2,360,13,1,6652,0.78125,10000,0.001,0.7
traincgb,0.0298611111111111,134,13,19,1,209,158,8,16,6642,5.625,10000,0.001,0.7
traincgb,0.0494444444444444,131,18,17,3,70,295,16,7,6643,1.921875,10000,0.001,0.7
traincgb,0.0263888888888889,138,15,13,1,236,131,12,18,6636,7.0625,10000,0.001,0.7
traincgb,0.0609722222222222,99,7,60,3,3,362,5,2,6659,0.625,10000,0.001,0.7
traincgb,0.04625,130,22,14,5,97,266,17,9,6640,2.75,10000,0.001,0.7
traincgb,0.0575,124,25,17,8,28,332,13,19,6634,1.03125,10000,0.001,0.7
traincgb,0.0525,133,13,20,13,46,309,18,5,6643,1.625,10000,0.001,0.7
traincgb,0.0527777777777778,124,21,21,3,50,315,15,5,6646,2.046875,10000,0.001,0.7
traincgb,0.0398611111111111,131,19,16,2,141,225,13,12,6641,4.234375,10000,0.001,0.7
traincgb,0.0423611111111111,139,12,15,1,118,249,15,13,6638,3.359375,10000,0.001,0.7
traincgb,0.0495833333333333,127,22,17,6,73,289,16,7,6643,2.328125,10000,0.001,0.7
traincgb,0.0675,54,80,32,0,14,354,5,15,6646,0.4375,10000,0.001,0.7
traincgb,0.0147222222222222,148,6,12,1,304,63,12,12,6642,11.953125,10000,0.001,0.7
traincgb,0.0351388888888889,131,23,12,1,180,187,14,16,6636,5.3125,10000,0.001,0.7
traincgb,0.0506944444444444,133,16,17,10,58,300,16,6,6644,2.453125,10000,0.001,0.7
traincgb,0.055,121,30,15,5,45,318,13,15,6638,1.640625,10000,0.001,0.7
traincgb,0.0390277777777778,126,24,16,1,161,206,15,19,6632,3.609375,10000,0.001,0.7
traincgb,0.0536111111111111,120,27,19,5,50,313,7,15,6644,1.71875,10000,0.001,0.7
traincgb,0.0505555555555556,120,33,13,7,82,279,13,19,6634,1.875,10000,0.001,0.7
