funcion_entrenamiento,C,CM1_1,CM1_2,CM1_3,CM2_1,CM2_2,CM2_3,CM3_1,CM3_2,CM3_3,tiempo_entrenamiento,max_fail,alpha,beta
traincgb,0.01125,157,4,5,1,322,45,13,13,6640,19.359375,10000,0.001,0.3
traincgb,0.0104166666666667,150,7,9,5,332,31,9,14,6643,21.625,10000,0.001,0.3
traincgb,0.0173611111111111,145,9,12,5,297,66,17,16,6633,21.671875,10000,0.001,0.3
traincgb,0.0197222222222222,139,8,19,4,273,91,9,11,6646,5.5625,10000,0.001,0.3
traincgb,0.0330555555555556,139,20,7,2,195,171,17,21,6628,21.46875,10000,0.001,0.3
traincgb,0.0119444444444444,149,3,14,0,324,44,11,14,6641,21.40625,10000,0.001,0.3
traincgb,0.02125,141,9,16,4,266,98,10,16,6640,21.484375,10000,0.001,0.3
traincgb,0.0148611111111111,147,8,11,2,315,51,18,17,6631,21.546875,10000,0.001,0.3
traincgb,0.015,148,7,11,3,306,59,12,16,6638,21.6875,10000,0.001,0.3
traincgb,0.0234722222222222,137,13,16,3,251,114,12,11,6643,21.671875,10000,0.001,0.3
traincgb,0.01625,145,7,14,3,296,69,12,12,6642,22.234375,10000,0.001,0.3
traincgb,0.0151388888888889,146,7,13,1,306,61,14,13,6639,21.859375,10000,0.001,0.3
traincgb,0.0125,151,3,12,3,321,44,12,16,6638,21.390625,10000,0.001,0.3
traincgb,0.0109722222222222,149,6,11,1,331,36,9,16,6641,21.421875,10000,0.001,0.3
traincgb,0.0355555555555556,135,15,16,11,166,191,8,15,6643,3.3125,10000,0.001,0.3
traincgb,0.01375,145,8,13,2,313,53,11,12,6643,13.359375,10000,0.001,0.3
traincgb,0.0134722222222222,149,5,12,1,314,53,10,16,6640,21.59375,10000,0.001,0.3
traincgb,0.0127777777777778,150,9,7,3,318,47,13,13,6640,11.46875,10000,0.001,0.3
traincgb,0.0316666666666667,135,14,17,4,203,161,15,17,6634,4.296875,10000,0.001,0.3
traincgb,0.0144444444444444,148,8,10,1,304,63,7,15,6644,22.453125,10000,0.001,0.3
