funcion_entrenamiento,C,CM1_1,CM1_2,CM1_3,CM2_1,CM2_2,CM2_3,CM3_1,CM3_2,CM3_3,tiempo_entrenamiento,max_fail,alpha,beta
traincgb,0.0408333333333333,124,24,18,0,148,220,16,16,6634,3.453125,10000,0.002,0.7
traincgb,0.03625,136,19,11,2,172,194,17,18,6631,3.34375,10000,0.002,0.7
traincgb,0.0454166666666667,134,18,14,2,100,266,13,14,6639,3.734375,10000,0.002,0.7
traincgb,0.0434722222222222,131,19,16,1,117,250,12,15,6639,2.96875,10000,0.002,0.7
traincgb,0.0383333333333333,135,16,15,1,154,213,15,16,6635,4.734375,10000,0.002,0.7
traincgb,0.0479166666666667,126,21,19,5,82,281,7,12,6647,2.40625,10000,0.002,0.7
traincgb,0.0513888888888889,131,15,20,2,57,309,18,6,6642,2.40625,10000,0.002,0.7
traincgb,0.0473611111111111,130,15,21,3,90,275,17,10,6639,2.65625,10000,0.002,0.7
traincgb,0.0594444444444444,121,9,36,4,4,360,18,1,6647,0.921875,10000,0.002,0.7
traincgb,0.0416666666666667,136,14,16,7,127,234,14,15,6637,2.953125,10000,0.002,0.7
traincgb,0.0244444444444444,142,8,16,2,245,121,13,16,6637,6.234375,10000,0.002,0.7
traincgb,0.0486111111111111,127,22,17,1,84,283,17,10,6639,2.578125,10000,0.002,0.7
traincgb,0.0379166666666667,145,12,9,11,156,201,22,18,6626,3.09375,10000,0.002,0.7
traincgb,0.0454166666666667,127,22,17,2,109,257,15,14,6637,3.15625,10000,0.002,0.7
traincgb,0.0493055555555556,128,19,19,5,76,287,17,8,6641,2.328125,10000,0.002,0.7
traincgb,0.0459722222222222,138,13,15,2,98,268,22,11,6633,3.265625,10000,0.002,0.7
traincgb,0.0219444444444444,142,13,11,1,256,111,11,11,6644,7.78125,10000,0.002,0.7
traincgb,0.0554166666666667,127,17,22,4,23,341,15,0,6651,1.796875,10000,0.002,0.7
traincgb,0.0527777777777778,128,19,19,4,52,312,19,7,6640,2.078125,10000,0.002,0.7
traincgb,0.0447222222222222,130,21,15,1,113,254,18,13,6635,2.65625,10000,0.002,0.7
