funcion_entrenamiento,C,CM1_1,CM1_2,CM1_3,CM2_1,CM2_2,CM2_3,CM3_1,CM3_2,CM3_3,tiempo_entrenamiento,max_fail,alpha,beta
traincgb,0.0231944444444444,143,8,15,0,257,111,13,20,6633,5.703125,10000,0.003,0.5
traincgb,0.0244444444444444,135,15,16,1,249,118,12,14,6640,5.875,10000,0.003,0.5
traincgb,0.0341666666666667,136,18,12,3,185,180,19,14,6633,3.734375,10000,0.003,0.5
traincgb,0.0104166666666667,152,4,10,1,328,39,6,15,6645,15.578125,10000,0.003,0.5
traincgb,0.0538888888888889,126,24,16,6,47,315,14,13,6639,1.359375,10000,0.003,0.5
traincgb,0.0741666666666667,0,0,166,0,0,368,0,0,6666,0.234375,10000,0.003,0.5
traincgb,0.0293055555555556,135,17,14,1,217,150,13,16,6637,5.171875,10000,0.003,0.5
traincgb,0.0251388888888889,140,11,15,7,243,118,14,16,6636,5.015625,10000,0.003,0.5
traincgb,0.0125,150,8,8,1,315,52,9,12,6645,14.46875,10000,0.003,0.5
traincgb,0.0369444444444444,131,17,18,3,165,200,13,15,6638,3.265625,10000,0.003,0.5
traincgb,0.0161111111111111,152,2,12,3,287,78,10,11,6645,9.71875,10000,0.003,0.5
traincgb,0.0279166666666667,132,18,16,1,233,134,16,16,6634,5.84375,10000,0.003,0.5
traincgb,0.0491666666666667,122,25,19,12,82,274,9,15,6642,1.8125,10000,0.003,0.5
traincgb,0.0256944444444444,146,7,13,0,229,139,13,13,6640,5.125,10000,0.003,0.5
traincgb,0.0223611111111111,139,11,16,2,261,105,15,12,6639,7.734375,10000,0.003,0.5
traincgb,0.0325,129,24,13,1,201,166,13,17,6636,3.875,10000,0.003,0.5
traincgb,0.0230555555555556,138,14,14,1,255,112,11,14,6641,6.28125,10000,0.003,0.5
traincgb,0.0173611111111111,144,8,14,1,292,75,14,13,6639,9.953125,10000,0.003,0.5
traincgb,0.0123611111111111,151,5,10,3,320,45,9,17,6640,15.703125,10000,0.003,0.5
traincgb,0.0468055555555556,138,11,17,12,83,273,13,11,6642,2.5625,10000,0.003,0.5
