funcion_entrenamiento,C,CM1_1,CM1_2,CM1_3,CM2_1,CM2_2,CM2_3,CM3_1,CM3_2,CM3_3,tiempo_entrenamiento,max_fail,alpha,beta
traincgf,0.015,144,8,14,1,309,58,13,14,6639,15.703125,10000,0.002,0.7
traincgf,0.0140277777777778,153,4,9,3,313,52,15,18,6633,15.296875,10000,0.002,0.7
traincgf,0.0554166666666667,139,15,12,13,30,325,19,15,6632,1.328125,10000,0.002,0.7
traincgf,0.0152777777777778,141,10,15,2,313,53,9,21,6636,9.015625,10000,0.002,0.7
traincgf,0.0206944444444444,146,10,10,8,267,93,13,15,6638,11.3125,10000,0.002,0.7
traincgf,0.0201388888888889,139,12,15,5,282,81,16,16,6634,15.625,10000,0.002,0.7
traincgf,0.0138888888888889,150,4,12,5,323,40,13,26,6627,9.578125,10000,0.002,0.7
traincgf,0.01375,145,9,12,1,318,49,6,22,6638,18.890625,10000,0.002,0.7
traincgf,0.0393055555555556,136,14,16,7,146,215,15,16,6635,16.71875,10000,0.002,0.7
traincgf,0.0191666666666667,137,12,17,3,285,80,10,16,6640,15.96875,10000,0.002,0.7
traincgf,0.0436111111111111,136,9,21,16,152,200,23,45,6598,3.03125,10000,0.002,0.7
traincgf,0.0154166666666667,145,11,10,7,300,61,10,12,6644,16.015625,10000,0.002,0.7
traincgf,0.0211111111111111,138,14,14,3,271,94,14,13,6639,15.9375,10000,0.002,0.7
traincgf,0.0204166666666667,142,11,13,6,274,88,11,18,6637,16.625,10000,0.002,0.7
traincgf,0.0148611111111111,144,7,15,1,308,59,10,15,6641,15.0625,10000,0.002,0.7
traincgf,0.0144444444444444,143,5,18,3,322,43,12,23,6631,15.53125,10000,0.002,0.7
traincgf,0.0130555555555556,147,6,13,2,320,46,12,15,6639,15.90625,10000,0.002,0.7
traincgf,0.0340277777777778,131,14,21,1,185,182,12,15,6639,4.6875,10000,0.002,0.7
traincgf,0.0138888888888889,146,8,12,3,313,52,7,18,6641,15.5625,10000,0.002,0.7
traincgf,0.0177777777777778,146,6,14,1,286,81,10,16,6640,16.4375,10000,0.002,0.7
