funcion_entrenamiento,C,CM1_1,CM1_2,CM1_3,CM2_1,CM2_2,CM2_3,CM3_1,CM3_2,CM3_3,tiempo_entrenamiento,max_fail,alpha,beta
traincgf,0.0172222222222222,144,10,12,7,309,52,16,27,6623,22.578125,10000,0.003,0.3
traincgf,0.0130555555555556,141,9,16,1,328,39,8,21,6637,21.28125,10000,0.003,0.3
traincgf,0.0161111111111111,144,11,11,4,308,56,13,21,6632,20.4375,10000,0.003,0.3
traincgf,0.0140277777777778,146,12,8,6,325,37,16,22,6628,19.9375,10000,0.003,0.3
traincgf,0.0138888888888889,150,5,11,4,317,47,12,21,6633,20.4375,10000,0.003,0.3
traincgf,0.0144444444444444,149,6,11,7,308,53,10,17,6639,21.265625,10000,0.003,0.3
traincgf,0.0109722222222222,144,7,15,1,335,32,8,16,6642,21.078125,10000,0.003,0.3
traincgf,0.0180555555555556,138,17,11,2,297,69,9,22,6635,21.28125,10000,0.003,0.3
traincgf,0.0156944444444444,145,4,17,2,313,53,7,30,6629,19.671875,10000,0.003,0.3
traincgf,0.0125,151,1,14,5,330,33,6,31,6629,20.765625,10000,0.003,0.3
traincgf,0.0168055555555556,149,6,11,4,297,67,11,22,6633,19.578125,10000,0.003,0.3
traincgf,0.0145833333333333,151,4,11,3,315,50,15,22,6629,20.90625,10000,0.003,0.3
traincgf,0.01125,149,7,10,0,333,35,16,13,6637,21.703125,10000,0.003,0.3
traincgf,0.0166666666666667,137,4,25,3,305,60,6,22,6638,22.46875,10000,0.003,0.3
traincgf,0.0123611111111111,152,1,13,5,321,42,11,17,6638,20.34375,10000,0.003,0.3
traincgf,0.0145833333333333,145,12,9,1,317,50,18,15,6633,20.6875,10000,0.003,0.3
traincgf,0.0180555555555556,140,10,16,8,290,70,7,19,6640,21.28125,10000,0.003,0.3
traincgf,0.0140277777777778,149,8,9,2,314,52,12,18,6636,20.546875,10000,0.003,0.3
traincgf,0.0158333333333333,137,17,12,4,308,56,13,12,6641,20.8125,10000,0.003,0.3
traincgf,0.0211111111111111,133,19,14,8,294,66,19,26,6621,20.78125,10000,0.003,0.3
