funcion_entrenamiento,C,CM1_1,CM1_2,CM1_3,CM2_1,CM2_2,CM2_3,CM3_1,CM3_2,CM3_3,tiempo_entrenamiento,max_fail,alpha,beta
traincgf,0.0534722222222222,123,23,20,8,46,314,7,13,6646,1.515625,10000,0.004,0.7
traincgf,0.0198611111111111,142,4,20,2,279,87,10,20,6636,16.453125,10000,0.004,0.7
traincgf,0.0247222222222222,142,11,13,15,258,95,9,35,6622,8.296875,10000,0.004,0.7
traincgf,0.0176388888888889,140,10,16,7,290,71,11,12,6643,16,10000,0.004,0.7
traincgf,0.0216666666666667,131,22,13,18,286,64,4,35,6627,5.75,10000,0.004,0.7
traincgf,0.0155555555555556,141,8,17,7,302,59,3,18,6645,10.40625,10000,0.004,0.7
traincgf,0.0156944444444444,138,14,14,5,313,50,11,19,6636,16.46875,10000,0.004,0.7
traincgf,0.0129166666666667,148,10,8,5,320,43,10,17,6639,15.34375,10000,0.004,0.7
traincgf,0.0119444444444444,149,5,12,4,321,43,10,12,6644,15.75,10000,0.004,0.7
traincgf,0.0318055555555556,133,25,8,31,226,111,20,34,6612,4.203125,10000,0.004,0.7
traincgf,0.0152777777777778,146,9,11,4,313,51,11,24,6631,15.390625,10000,0.004,0.7
traincgf,0.0220833333333333,141,7,18,6,268,94,16,18,6632,15.53125,10000,0.004,0.7
traincgf,0.0355555555555556,139,11,16,13,177,178,14,24,6628,3.578125,10000,0.004,0.7
traincgf,0.0619444444444444,99,0,67,11,2,355,13,0,6653,0.546875,10000,0.004,0.7
traincgf,0.0148611111111111,139,12,15,3,312,53,9,15,6642,15.5625,10000,0.004,0.7
traincgf,0.0152777777777778,145,5,16,3,308,57,10,19,6637,16,10000,0.004,0.7
traincgf,0.0201388888888889,142,11,13,2,275,91,17,11,6638,15.984375,10000,0.004,0.7
traincgf,0.0586111111111111,131,12,23,12,8,348,15,12,6639,1.140625,10000,0.004,0.7
traincgf,0.0558333333333333,115,33,18,5,47,316,12,18,6636,1.375,10000,0.004,0.7
traincgf,0.0138888888888889,148,7,11,1,310,57,10,14,6642,15.65625,10000,0.004,0.7
