funcion_entrenamiento,C,CM1_1,CM1_2,CM1_3,CM2_1,CM2_2,CM2_3,CM3_1,CM3_2,CM3_3,tiempo_entrenamiento,max_fail,alpha,beta
traincgf,0.0154166666666667,155,5,6,35,304,29,23,13,6630,17.78125,10000,0.004,0.5
traincgf,0.0115277777777778,149,2,15,1,328,39,9,17,6640,16.5625,10000,0.004,0.5
traincgf,0.0133333333333333,141,6,19,4,330,34,12,21,6633,17.296875,10000,0.004,0.5
traincgf,0.0151388888888889,145,10,11,8,307,53,16,11,6639,19.90625,10000,0.004,0.5
traincgf,0.01,153,3,10,1,335,32,9,17,6640,19.046875,10000,0.004,0.5
traincgf,0.0134722222222222,145,6,15,1,326,41,9,25,6632,16.5,10000,0.004,0.5
traincgf,0.0191666666666667,139,9,18,25,281,62,7,17,6642,18.015625,10000,0.004,0.5
traincgf,0.0151388888888889,144,9,13,10,320,38,13,26,6627,17.5,10000,0.004,0.5
traincgf,0.0158333333333333,134,13,19,4,319,45,13,20,6633,17.640625,10000,0.004,0.5
traincgf,0.0131944444444444,144,9,13,3,326,39,8,23,6635,18.078125,10000,0.004,0.5
traincgf,0.0184722222222222,131,25,10,13,305,50,6,29,6631,17.734375,10000,0.004,0.5
traincgf,0.0143055555555556,153,5,8,4,308,56,10,20,6636,16.84375,10000,0.004,0.5
traincgf,0.0161111111111111,144,6,16,5,306,57,10,22,6634,17.34375,10000,0.004,0.5
traincgf,0.0144444444444444,141,8,17,4,311,53,8,14,6644,18.265625,10000,0.004,0.5
traincgf,0.0102777777777778,148,6,12,2,331,35,5,14,6647,19.671875,10000,0.004,0.5
traincgf,0.0115277777777778,151,4,11,0,331,37,13,18,6635,17.6875,10000,0.004,0.5
traincgf,0.0115277777777778,145,8,13,2,331,35,9,16,6641,19.09375,10000,0.004,0.5
traincgf,0.0140277777777778,138,8,20,5,320,43,7,18,6641,17.390625,10000,0.004,0.5
traincgf,0.0304166666666667,141,16,9,11,217,140,25,18,6623,17.296875,10000,0.004,0.5
traincgf,0.00819444444444445,157,2,7,1,339,28,5,16,6645,17.234375,10000,0.004,0.5
