funcion_entrenamiento,C,CM1_1,CM1_2,CM1_3,CM2_1,CM2_2,CM2_3,CM3_1,CM3_2,CM3_3,tiempo_entrenamiento,max_fail,alpha,beta
traincgb,0.0109722222222222,148,6,12,1,328,39,4,17,6645,18.109375,10000,0.004,0.3
traincgb,0.0130555555555556,143,10,13,3,315,50,9,9,6648,22.859375,10000,0.004,0.3
traincgb,0.0126388888888889,146,7,13,2,322,44,9,16,6641,23.796875,10000,0.004,0.3
traincgb,0.0119444444444444,149,7,10,2,325,41,10,16,6640,17.21875,10000,0.004,0.3
traincgb,0.0275,135,14,17,3,231,134,12,18,6636,22.234375,10000,0.004,0.3
traincgb,0.0131944444444444,148,4,14,1,314,53,6,17,6643,18.671875,10000,0.004,0.3
traincgb,0.01125,155,5,6,0,324,44,10,16,6640,22,10000,0.004,0.3
traincgb,0.0208333333333333,141,11,14,3,273,92,14,16,6636,6.84375,10000,0.004,0.3
traincgb,0.0276388888888889,138,11,17,1,231,136,15,19,6632,3.859375,10000,0.004,0.3
traincgb,0.0113888888888889,143,11,12,1,331,36,9,13,6644,23.46875,10000,0.004,0.3
traincgb,0.0127777777777778,148,9,9,2,322,44,13,15,6638,24.96875,10000,0.004,0.3
traincgb,0.0154166666666667,144,10,12,3,307,58,10,18,6638,25.25,10000,0.004,0.3
traincgb,0.0184722222222222,143,7,16,2,284,82,10,16,6640,26.234375,10000,0.004,0.3
traincgb,0.0125,147,6,13,1,321,46,12,12,6642,24.734375,10000,0.004,0.3
traincgb,0.0211111111111111,138,11,17,3,271,94,13,14,6639,21.625,10000,0.004,0.3
traincgb,0.0188888888888889,146,6,14,3,280,85,11,17,6638,21.828125,10000,0.004,0.3
traincgb,0.0206944444444444,145,11,10,3,264,101,13,11,6642,5.859375,10000,0.004,0.3
traincgb,0.0247222222222222,134,15,17,2,250,116,9,19,6638,5.71875,10000,0.004,0.3
traincgb,0.0111111111111111,150,7,9,0,323,45,6,13,6647,19.703125,10000,0.004,0.3
traincgb,0.0118055555555556,143,5,18,2,328,38,10,12,6644,21.90625,10000,0.004,0.3
