funcion_entrenamiento,C,CM1_1,CM1_2,CM1_3,CM2_1,CM2_2,CM2_3,CM3_1,CM3_2,CM3_3,tiempo_entrenamiento,max_fail,alpha,beta
traincgf,0.0179166666666667,134,17,15,12,306,50,11,24,6631,19.71875,10000,0.001,0.3
traincgf,0.0115277777777778,154,5,7,2,322,44,12,13,6641,20.703125,10000,0.001,0.3
traincgf,0.0140277777777778,137,5,24,3,317,48,7,14,6645,20.8125,10000,0.001,0.3
traincgf,0.0109722222222222,150,4,12,3,330,35,11,14,6641,22.125,10000,0.001,0.3
traincgf,0.0127777777777778,143,11,12,3,329,36,6,24,6636,21.125,10000,0.001,0.3
traincgf,0.0119444444444444,150,3,13,2,322,44,7,17,6642,21.21875,10000,0.001,0.3
traincgf,0.0241666666666667,135,12,19,26,253,89,7,21,6638,20.546875,10000,0.001,0.3
traincgf,0.0152777777777778,145,9,12,8,307,53,10,18,6638,20.3125,10000,0.001,0.3
traincgf,0.0154166666666667,145,9,12,5,308,55,15,15,6636,21.90625,10000,0.001,0.3
traincgf,0.0127777777777778,147,4,15,4,332,32,14,23,6629,20.484375,10000,0.001,0.3
traincgf,0.0129166666666667,148,8,10,2,322,44,11,18,6637,21.578125,10000,0.001,0.3
traincgf,0.0130555555555556,146,9,11,4,321,43,12,15,6639,20.625,10000,0.001,0.3
traincgf,0.0102777777777778,150,4,12,1,342,25,13,19,6634,20.5625,10000,0.001,0.3
traincgf,0.0159722222222222,146,6,14,10,305,53,10,22,6634,20.953125,10000,0.001,0.3
traincgf,0.0106944444444444,153,2,11,3,335,30,14,17,6635,21.359375,10000,0.001,0.3
traincgf,0.0188888888888889,135,13,18,6,290,72,9,18,6639,20.375,10000,0.001,0.3
traincgf,0.0175,131,12,23,7,307,54,10,20,6636,22.15625,10000,0.001,0.3
traincgf,0.0151388888888889,138,12,16,8,318,42,14,17,6635,21.015625,10000,0.001,0.3
traincgf,0.0134722222222222,150,7,9,3,322,43,17,18,6631,20.109375,10000,0.001,0.3
traincgf,0.0170833333333333,140,10,16,4,307,57,12,24,6630,22.046875,10000,0.001,0.3
