funcion_entrenamiento,C,CM1_1,CM1_2,CM1_3,CM2_1,CM2_2,CM2_3,CM3_1,CM3_2,CM3_3,tiempo_entrenamiento,max_fail,alpha,beta
traincgb,0.0102777777777778,154,3,9,4,335,29,14,15,6637,24.09375,10000,0.003,0.1
traincgb,0.0148611111111111,140,14,12,0,311,57,10,14,6642,23.84375,10000,0.003,0.1
traincgb,0.0152777777777778,136,12,18,3,305,60,8,9,6649,23.8125,10000,0.003,0.1
traincgb,0.0155555555555556,148,8,10,1,297,70,10,13,6643,23.90625,10000,0.003,0.1
traincgb,0.0109722222222222,148,5,13,2,337,29,10,20,6636,24.015625,10000,0.003,0.1
traincgb,0.0375,127,17,22,4,156,208,8,11,6647,2.609375,10000,0.003,0.1
traincgb,0.0115277777777778,149,6,11,2,329,37,11,16,6639,23.671875,10000,0.003,0.1
traincgb,0.0116666666666667,149,8,9,3,328,37,9,18,6639,18.78125,10000,0.003,0.1
traincgb,0.0197222222222222,141,11,14,2,275,91,10,14,6642,5.84375,10000,0.003,0.1
traincgb,0.0222222222222222,139,8,19,5,264,99,11,18,6637,4.78125,10000,0.003,0.1
traincgb,0.0184722222222222,138,11,17,2,285,81,11,11,6644,24.34375,10000,0.003,0.1
traincgb,0.0138888888888889,152,4,10,2,315,51,13,20,6633,9.875,10000,0.003,0.1
traincgb,0.00972222222222222,153,3,10,0,336,32,11,14,6641,23.671875,10000,0.003,0.1
traincgb,0.0106944444444444,147,10,9,1,336,31,9,17,6640,15.4375,10000,0.003,0.1
traincgb,0.0120833333333333,149,7,10,1,321,46,8,15,6643,23.875,10000,0.003,0.1
traincgb,0.0116666666666667,158,4,4,0,323,45,8,23,6635,22.390625,10000,0.003,0.1
traincgb,0.01,151,6,9,2,337,29,8,18,6640,23.703125,10000,0.003,0.1
traincgb,0.01875,141,14,11,2,288,78,12,18,6636,24.8125,10000,0.003,0.1
traincgb,0.0255555555555556,130,23,13,5,254,109,9,25,6632,4.203125,10000,0.003,0.1
traincgb,0.0136111111111111,149,7,10,2,311,55,10,14,6642,10.71875,10000,0.003,0.1
