funcion_entrenamiento,C,CM1_1,CM1_2,CM1_3,CM2_1,CM2_2,CM2_3,CM3_1,CM3_2,CM3_3,tiempo_entrenamiento,max_fail,alpha,beta
traincgb,0.0108333333333333,151,3,12,2,334,32,12,17,6637,17.46875,10000,0.004,0.1
traincgb,0.0380555555555556,133,18,15,1,156,211,14,15,6637,2.734375,10000,0.004,0.1
traincgb,0.0111111111111111,147,5,14,4,330,34,11,12,6643,23.953125,10000,0.004,0.1
traincgb,0.0272222222222222,134,17,15,1,234,133,15,15,6636,4.34375,10000,0.004,0.1
traincgb,0.0201388888888889,137,13,16,1,273,94,9,12,6645,23.921875,10000,0.004,0.1
traincgb,0.0148611111111111,145,8,13,2,320,46,15,23,6628,15.5625,10000,0.004,0.1
traincgb,0.0151388888888889,143,8,15,2,316,50,16,18,6632,23.953125,10000,0.004,0.1
traincgb,0.00930555555555555,155,3,8,0,333,35,8,13,6645,24.015625,10000,0.004,0.1
traincgb,0.0159722222222222,142,9,15,1,303,64,9,17,6640,23.71875,10000,0.004,0.1
traincgb,0.0254166666666667,132,9,25,3,242,123,10,13,6643,5.25,10000,0.004,0.1
traincgb,0.0255555555555556,133,19,14,2,252,114,17,18,6631,4.390625,10000,0.004,0.1
traincgb,0.0186111111111111,144,5,17,1,284,83,13,15,6638,5.921875,10000,0.004,0.1
traincgb,0.0123611111111111,150,7,9,5,316,47,9,12,6645,12.75,10000,0.004,0.1
traincgb,0.0118055555555556,147,7,12,3,330,35,7,21,6638,24.703125,10000,0.004,0.1
traincgb,0.0258333333333333,134,24,8,9,240,119,13,13,6640,4.453125,10000,0.004,0.1
traincgb,0.0126388888888889,151,5,10,5,318,45,11,15,6640,24.859375,10000,0.004,0.1
traincgb,0.0223611111111111,140,10,16,5,260,103,14,13,6639,25.03125,10000,0.004,0.1
traincgb,0.0143055555555556,142,9,15,3,311,54,9,13,6644,25,10000,0.004,0.1
traincgb,0.0122222222222222,147,9,10,1,324,43,13,12,6641,24.53125,10000,0.004,0.1
traincgb,0.0123611111111111,144,6,16,2,318,48,6,11,6649,12.875,10000,0.004,0.1
