funcion_entrenamiento,C,CM1_1,CM1_2,CM1_3,CM2_1,CM2_2,CM2_3,CM3_1,CM3_2,CM3_3,tiempo_entrenamiento,max_fail,alpha,beta
traincgf,0.0131944444444444,139,12,15,2,335,31,15,20,6631,16.859375,10000,0.003,0.5
traincgf,0.0113888888888889,149,4,13,2,324,42,9,12,6645,16.375,10000,0.003,0.5
traincgf,0.0469444444444444,120,22,24,35,101,232,6,19,6641,17.484375,10000,0.003,0.5
traincgf,0.0122222222222222,150,11,5,4,329,35,13,20,6633,15.953125,10000,0.003,0.5
traincgf,0.0119444444444444,144,6,16,3,331,34,8,19,6639,17.40625,10000,0.003,0.5
traincgf,0.01875,141,13,12,19,291,58,8,25,6633,17.890625,10000,0.003,0.5
traincgf,0.01125,151,6,9,3,334,31,13,19,6634,16.78125,10000,0.003,0.5
traincgf,0.0155555555555556,141,8,17,9,313,46,9,23,6634,17.484375,10000,0.003,0.5
traincgf,0.0116666666666667,141,8,17,2,334,32,8,17,6641,18.15625,10000,0.003,0.5
traincgf,0.0125,142,8,16,7,327,34,4,21,6641,16.484375,10000,0.003,0.5
traincgf,0.0145833333333333,144,6,16,4,318,46,11,22,6633,17.234375,10000,0.003,0.5
traincgf,0.0216666666666667,143,12,11,10,278,80,19,24,6623,17.625,10000,0.003,0.5
traincgf,0.0247222222222222,120,28,18,6,279,83,9,34,6623,17.96875,10000,0.003,0.5
traincgf,0.00986111111111111,147,3,16,1,338,29,7,15,6644,17.390625,10000,0.003,0.5
traincgf,0.0123611111111111,150,5,11,3,321,44,7,19,6640,16.921875,10000,0.003,0.5
traincgf,0.0126388888888889,143,8,15,4,327,37,13,14,6639,16.015625,10000,0.003,0.5
traincgf,0.0140277777777778,153,4,9,5,314,49,9,25,6632,16.234375,10000,0.003,0.5
traincgf,0.0145833333333333,144,5,17,7,311,50,11,15,6640,19.359375,10000,0.003,0.5
traincgf,0.0179166666666667,135,7,24,7,300,61,10,20,6636,22.40625,10000,0.003,0.5
traincgf,0.0158333333333333,143,8,15,3,305,60,16,12,6638,17.453125,10000,0.003,0.5
