funcion_entrenamiento,C,CM1_1,CM1_2,CM1_3,CM2_1,CM2_2,CM2_3,CM3_1,CM3_2,CM3_3,tiempo_entrenamiento,max_fail,alpha,beta
traincgb,0.0469444444444444,127,27,12,23,105,240,18,18,6630,2.65625,10000,0.002,0.1
traincgb,0.0381944444444444,134,17,15,4,157,207,18,14,6634,23.90625,10000,0.002,0.1
traincgb,0.0138888888888889,140,8,18,2,316,50,12,10,6644,7.46875,10000,0.002,0.1
traincgb,0.00847222222222222,156,3,7,3,334,31,8,9,6649,15.859375,10000,0.002,0.1
traincgb,0.025,142,10,14,2,240,126,14,14,6638,24.25,10000,0.002,0.1
traincgb,0.0223611111111111,138,14,14,3,263,102,11,17,6638,24.328125,10000,0.002,0.1
traincgb,0.0373611111111111,137,19,10,13,184,171,18,38,6610,1.953125,10000,0.002,0.1
traincgb,0.0165277777777778,144,7,15,3,305,60,12,22,6632,7.421875,10000,0.002,0.1
traincgb,0.0195833333333333,143,9,14,3,282,83,15,17,6634,23.890625,10000,0.002,0.1
traincgb,0.0125,153,4,9,1,322,45,12,19,6635,18.296875,10000,0.002,0.1
traincgb,0.03125,140,14,12,18,201,149,14,18,6634,3.1875,10000,0.002,0.1
traincgb,0.0129166666666667,147,6,13,2,320,46,8,18,6640,10.109375,10000,0.002,0.1
traincgb,0.0151388888888889,141,6,19,2,309,57,9,16,6641,8.4375,10000,0.002,0.1
traincgb,0.0151388888888889,146,4,16,4,299,65,6,14,6646,23.90625,10000,0.002,0.1
traincgb,0.0173611111111111,147,7,12,2,292,74,14,16,6636,7.390625,10000,0.002,0.1
traincgb,0.01,155,2,9,3,330,35,5,18,6643,24.09375,10000,0.002,0.1
traincgb,0.0104166666666667,150,2,14,2,332,34,6,17,6643,16.984375,10000,0.002,0.1
traincgb,0.0213888888888889,139,12,15,2,264,102,12,11,6643,23.5,10000,0.002,0.1
traincgb,0.00972222222222222,151,4,11,2,336,30,7,16,6643,23.84375,10000,0.002,0.1
traincgb,0.0161111111111111,144,3,19,3,307,58,12,21,6633,23.359375,10000,0.002,0.1
