funcion_entrenamiento,C,CM1_1,CM1_2,CM1_3,CM2_1,CM2_2,CM2_3,CM3_1,CM3_2,CM3_3,tiempo_entrenamiento,max_fail,alpha,beta
traincgf,0.01625,142,9,15,9,308,51,6,27,6633,23.0625,10000,0.003,0.1
traincgf,0.0104166666666667,147,5,14,1,338,29,10,16,6640,25.0625,10000,0.003,0.1
traincgf,0.0143055555555556,152,3,11,4,307,57,11,17,6638,23.078125,10000,0.003,0.1
traincgf,0.0152777777777778,144,7,15,5,311,52,12,19,6635,23.671875,10000,0.003,0.1
traincgf,0.00875,161,1,4,3,337,28,10,17,6639,24.296875,10000,0.003,0.1
traincgf,0.0140277777777778,144,7,15,4,317,47,9,19,6638,26.046875,10000,0.003,0.1
traincgf,0.0120833333333333,149,5,12,2,336,30,16,22,6628,31.9375,10000,0.003,0.1
traincgf,0.01375,147,7,12,5,315,48,10,17,6639,24.3125,10000,0.003,0.1
traincgf,0.0215277777777778,137,14,15,6,294,68,15,37,6614,24.265625,10000,0.003,0.1
traincgf,0.00902777777777778,156,4,6,3,344,21,10,21,6635,27.546875,10000,0.003,0.1
traincgf,0.0104166666666667,153,2,11,3,338,27,11,21,6634,25.5,10000,0.003,0.1
traincgf,0.0130555555555556,152,4,10,1,328,39,15,25,6626,24.296875,10000,0.003,0.1
traincgf,0.0109722222222222,150,3,13,1,330,37,7,18,6641,24.5,10000,0.003,0.1
traincgf,0.00972222222222222,155,2,9,1,340,27,12,19,6635,26.4375,10000,0.003,0.1
traincgf,0.00958333333333333,155,4,7,2,339,27,12,17,6637,25.25,10000,0.003,0.1
traincgf,0.0130555555555556,140,5,21,2,334,32,11,23,6632,23.953125,10000,0.003,0.1
traincgf,0.00972222222222222,147,8,11,1,342,25,7,18,6641,25.78125,10000,0.003,0.1
traincgf,0.0141666666666667,144,12,10,13,323,32,10,25,6631,24.390625,10000,0.003,0.1
traincgf,0.0545833333333333,132,14,20,13,32,323,18,5,6643,24.953125,10000,0.003,0.1
traincgf,0.0184722222222222,134,18,14,10,304,54,6,31,6629,24.84375,10000,0.003,0.1
