funcion_entrenamiento,C,CM1_1,CM1_2,CM1_3,CM2_1,CM2_2,CM2_3,CM3_1,CM3_2,CM3_3,tiempo_entrenamiento,max_fail,alpha,beta
traincgb,0.0593055555555556,116,14,36,2,8,358,13,4,6649,0.78125,10000,0.003,0.7
traincgb,0.0555555555555556,126,19,21,4,38,326,15,15,6636,1.203125,10000,0.003,0.7
traincgb,0.0541666666666667,129,20,17,4,45,319,20,10,6636,1.515625,10000,0.003,0.7
traincgb,0.0341666666666667,128,21,17,2,191,175,13,18,6635,3.34375,10000,0.003,0.7
traincgb,0.0429166666666667,133,16,17,3,130,235,24,14,6628,3.6875,10000,0.003,0.7
traincgb,0.0443055555555556,135,16,15,4,105,259,14,11,6641,2.84375,10000,0.003,0.7
traincgb,0.0311111111111111,132,21,13,1,214,153,16,20,6630,5.8125,10000,0.003,0.7
traincgb,0.0866666666666667,0,0,166,0,6,362,0,96,6570,0.15625,10000,0.003,0.7
traincgb,0.0523611111111111,129,21,16,5,58,305,17,13,6636,2.015625,10000,0.003,0.7
traincgb,0.0455555555555556,134,18,14,2,103,263,22,9,6635,2.453125,10000,0.003,0.7
traincgb,0.0373611111111111,137,15,14,4,156,208,12,16,6638,3.5625,10000,0.003,0.7
traincgb,0.0470833333333333,130,20,16,6,87,275,13,9,6644,2.859375,10000,0.003,0.7
traincgb,0.0580555555555556,138,14,14,6,11,351,21,12,6633,0.984375,10000,0.003,0.7
traincgb,0.0584722222222222,122,30,14,5,34,329,13,30,6623,1.109375,10000,0.003,0.7
traincgb,0.0576388888888889,123,17,26,4,15,349,14,5,6647,1,10000,0.003,0.7
traincgb,0.0590277777777778,122,12,32,4,6,358,14,5,6647,0.71875,10000,0.003,0.7
traincgb,0.0509722222222222,131,17,18,13,58,297,12,10,6644,1.75,10000,0.003,0.7
traincgb,0.0601388888888889,113,17,36,2,5,361,11,6,6649,0.8125,10000,0.003,0.7
traincgb,0.0236111111111111,139,9,18,1,251,116,12,14,6640,7.515625,10000,0.003,0.7
traincgb,0.0445833333333333,124,28,14,1,114,253,14,11,6641,2.921875,10000,0.003,0.7
