funcion_entrenamiento,C,CM1_1,CM1_2,CM1_3,CM2_1,CM2_2,CM2_3,CM3_1,CM3_2,CM3_3,tiempo_entrenamiento,max_fail,alpha,beta
traincgf,0.0197222222222222,135,15,16,12,286,70,10,19,6637,21.71875,10000,0.004,0.3
traincgf,0.0143055555555556,138,6,22,6,330,32,10,27,6629,21.390625,10000,0.004,0.3
traincgf,0.00916666666666667,146,1,19,2,341,25,9,10,6647,21.234375,10000,0.004,0.3
traincgf,0.0125,145,8,13,4,334,30,15,20,6631,21.984375,10000,0.004,0.3
traincgf,0.0122222222222222,141,8,17,3,334,31,9,20,6637,21.203125,10000,0.004,0.3
traincgf,0.00819444444444445,154,3,9,3,343,22,6,16,6644,22.296875,10000,0.004,0.3
traincgf,0.0138888888888889,145,9,12,9,314,45,11,14,6641,23.5625,10000,0.004,0.3
traincgf,0.0140277777777778,145,6,15,3,320,45,13,19,6634,20.90625,10000,0.004,0.3
traincgf,0.0119444444444444,149,4,13,1,334,33,11,24,6631,21.59375,10000,0.004,0.3
traincgf,0.0144444444444444,147,9,10,1,320,47,15,22,6629,20.78125,10000,0.004,0.3
traincgf,0.0126388888888889,144,11,11,3,329,36,8,22,6636,20.890625,10000,0.004,0.3
traincgf,0.00944444444444444,152,3,11,1,338,29,7,17,6642,23.015625,10000,0.004,0.3
traincgf,0.0129166666666667,142,12,12,5,326,37,9,18,6639,21.390625,10000,0.004,0.3
traincgf,0.0136111111111111,141,8,17,7,324,37,8,21,6637,19.375,10000,0.004,0.3
traincgf,0.0151388888888889,155,2,9,9,310,49,15,25,6626,19.5625,10000,0.004,0.3
traincgf,0.0161111111111111,138,11,17,3,310,55,10,20,6636,21.96875,10000,0.004,0.3
traincgf,0.0133333333333333,147,9,10,7,319,42,13,15,6638,20.609375,10000,0.004,0.3
traincgf,0.00986111111111111,150,4,12,7,337,24,8,16,6642,21.515625,10000,0.004,0.3
traincgf,0.0125,153,3,10,0,321,47,13,17,6636,20.5625,10000,0.004,0.3
traincgf,0.0198611111111111,143,9,14,7,287,74,14,25,6627,19.984375,10000,0.004,0.3
