funcion_entrenamiento,C,CM1_1,CM1_2,CM1_3,CM2_1,CM2_2,CM2_3,CM3_1,CM3_2,CM3_3,tiempo_entrenamiento,max_fail,alpha,beta
traincgf,0.0159722222222222,142,6,18,10,300,58,10,13,6643,17.953125,10000,0.001,0.5
traincgf,0.0136111111111111,150,5,11,4,325,39,17,22,6627,17.734375,10000,0.001,0.5
traincgf,0.0145833333333333,139,11,16,5,326,37,14,22,6630,18.03125,10000,0.001,0.5
traincgf,0.0156944444444444,148,3,15,7,309,52,11,25,6630,17.375,10000,0.001,0.5
traincgf,0.0147222222222222,150,5,11,11,315,42,12,25,6629,17.625,10000,0.001,0.5
traincgf,0.0133333333333333,143,11,12,2,321,45,8,18,6640,18.96875,10000,0.001,0.5
traincgf,0.0173611111111111,141,12,13,9,299,60,13,18,6635,18.34375,10000,0.001,0.5
traincgf,0.0181944444444444,141,14,11,14,298,56,10,26,6630,20.203125,10000,0.001,0.5
traincgf,0.0194444444444444,145,8,13,8,292,68,19,24,6623,17.625,10000,0.001,0.5
traincgf,0.0125,147,6,13,2,325,41,7,21,6638,17.390625,10000,0.001,0.5
traincgf,0.0116666666666667,151,4,11,1,330,37,11,20,6635,18.046875,10000,0.001,0.5
traincgf,0.0168055555555556,140,14,12,10,308,50,13,22,6631,16.859375,10000,0.001,0.5
traincgf,0.0297222222222222,138,11,17,38,214,116,13,19,6634,19.125,10000,0.001,0.5
traincgf,0.0123611111111111,151,6,9,10,327,31,15,18,6633,17.640625,10000,0.001,0.5
traincgf,0.0163888888888889,140,9,17,4,310,54,9,25,6632,18.359375,10000,0.001,0.5
traincgf,0.0165277777777778,138,11,17,15,306,47,5,24,6637,18.203125,10000,0.001,0.5
traincgf,0.0151388888888889,140,7,19,3,311,54,10,16,6640,19.78125,10000,0.001,0.5
traincgf,0.0125,144,4,18,1,324,43,9,15,6642,17.859375,10000,0.001,0.5
traincgf,0.0179166666666667,150,7,9,20,285,63,16,14,6636,18.859375,10000,0.001,0.5
traincgf,0.0184722222222222,127,24,15,5,315,48,8,33,6625,18.125,10000,0.001,0.5
