funcion_entrenamiento,C,CM1_1,CM1_2,CM1_3,CM2_1,CM2_2,CM2_3,CM3_1,CM3_2,CM3_3,tiempo_entrenamiento,max_fail,alpha,beta
traincgb,0.0288888888888889,140,14,12,0,215,153,13,16,6637,5.6875,10000,0.002,0.5
traincgb,0.0395833333333333,135,12,19,3,147,218,19,14,6633,2.203125,10000,0.002,0.5
traincgb,0.0279166666666667,136,16,14,1,225,142,13,15,6638,5.171875,10000,0.002,0.5
traincgb,0.0181944444444444,145,8,13,3,291,74,13,20,6633,10.3125,10000,0.002,0.5
traincgb,0.0455555555555556,134,17,15,12,98,258,14,12,6640,2.78125,10000,0.002,0.5
traincgb,0.0272222222222222,133,16,17,1,227,140,8,14,6644,4.65625,10000,0.002,0.5
traincgb,0.0266666666666667,142,13,11,6,228,134,15,13,6638,6.15625,10000,0.002,0.5
traincgb,0.0154166666666667,150,2,14,1,300,67,12,15,6639,19.28125,10000,0.002,0.5
traincgb,0.0406944444444444,136,16,14,1,137,230,19,13,6634,3.625,10000,0.002,0.5
traincgb,0.0154166666666667,146,10,10,2,298,68,8,13,6645,11.46875,10000,0.002,0.5
traincgb,0.0220833333333333,143,7,16,2,256,110,12,12,6642,19.25,10000,0.002,0.5
traincgb,0.0329166666666667,133,17,16,3,191,174,10,17,6639,3.296875,10000,0.002,0.5
traincgb,0.0272222222222222,137,13,16,2,227,139,10,16,6640,4.6875,10000,0.002,0.5
traincgb,0.0338888888888889,135,16,15,2,191,175,18,18,6630,4.03125,10000,0.002,0.5
traincgb,0.0243055555555556,140,9,17,2,244,122,11,14,6641,5.734375,10000,0.002,0.5
traincgb,0.0155555555555556,147,8,11,2,296,70,11,10,6645,10.171875,10000,0.002,0.5
traincgb,0.0247222222222222,137,12,17,1,249,118,14,16,6636,6.84375,10000,0.002,0.5
traincgb,0.0381944444444444,123,26,17,1,165,202,14,15,6637,4.296875,10000,0.002,0.5
traincgb,0.0152777777777778,147,5,14,2,303,63,10,16,6640,11.15625,10000,0.002,0.5
traincgb,0.0438888888888889,125,26,15,1,121,246,13,15,6638,3.0625,10000,0.002,0.5
