funcion_entrenamiento,C,CM1_1,CM1_2,CM1_3,CM2_1,CM2_2,CM2_3,CM3_1,CM3_2,CM3_3,tiempo_entrenamiento,max_fail,alpha,beta
traincgb,0.0361111111111111,130,20,16,2,170,196,10,16,6640,6,10000,0.004,0.7
traincgb,0.0473611111111111,127,22,17,6,100,262,23,11,6632,3.3125,10000,0.004,0.7
traincgb,0.0525,123,26,17,1,56,311,18,5,6643,1.703125,10000,0.004,0.7
traincgb,0.0608333333333333,110,23,33,1,8,359,15,7,6644,0.8125,10000,0.004,0.7
traincgb,0.0484722222222222,126,24,16,5,81,282,15,7,6644,2.703125,10000,0.004,0.7
traincgb,0.0531944444444444,124,23,19,6,54,308,15,12,6639,1.671875,10000,0.004,0.7
traincgb,0.0361111111111111,139,12,15,3,166,199,16,15,6635,4.53125,10000,0.004,0.7
traincgb,0.04,133,17,16,3,140,225,13,14,6639,3.96875,10000,0.004,0.7
traincgb,0.0404166666666667,135,16,15,4,138,226,14,16,6636,3.171875,10000,0.004,0.7
traincgb,0.0458333333333333,130,19,17,3,97,268,15,8,6643,3.421875,10000,0.004,0.7
traincgb,0.0351388888888889,139,12,15,1,171,196,11,18,6637,4,10000,0.004,0.7
traincgb,0.0270833333333333,137,14,15,1,230,137,12,16,6638,6.859375,10000,0.004,0.7
traincgb,0.0451388888888889,135,15,16,3,94,271,12,8,6646,3.5,10000,0.004,0.7
traincgb,0.04375,130,16,20,5,121,242,17,15,6634,3.546875,10000,0.004,0.7
traincgb,0.0476388888888889,127,23,16,4,88,276,11,13,6642,2.515625,10000,0.004,0.7
traincgb,0.0420833333333333,129,19,18,3,126,239,11,13,6642,4.1875,10000,0.004,0.7
traincgb,0.0436111111111111,128,22,16,7,119,242,15,12,6639,3.328125,10000,0.004,0.7
traincgb,0.0540277777777778,126,19,21,3,40,325,13,8,6645,1.46875,10000,0.004,0.7
traincgb,0.0294444444444444,135,22,9,4,222,142,16,19,6631,5.3125,10000,0.004,0.7
traincgb,0.0493055555555556,129,19,18,6,70,292,12,8,6646,2.25,10000,0.004,0.7
