funcion_entrenamiento,C,CM1_1,CM1_2,CM1_3,CM2_1,CM2_2,CM2_3,CM3_1,CM3_2,CM3_3,tiempo_entrenamiento,max_fail,alpha,beta
traincgb,0.0184722222222222,142,10,14,2,285,81,11,15,6640,10.359375,10000,0.004,0.5
traincgb,0.0140277777777778,141,7,18,1,314,53,8,14,6644,10.578125,10000,0.004,0.5
traincgb,0.0368055555555556,132,12,22,9,160,199,8,15,6643,3.5,10000,0.004,0.5
traincgb,0.0172222222222222,146,8,12,3,296,69,19,13,6634,13.359375,10000,0.004,0.5
traincgb,0.0130555555555556,138,11,17,2,323,43,6,15,6645,16.15625,10000,0.004,0.5
traincgb,0.02375,142,9,15,3,251,114,16,14,6636,6.3125,10000,0.004,0.5
traincgb,0.0227777777777778,145,8,13,3,253,112,16,12,6638,6.25,10000,0.004,0.5
traincgb,0.0375,140,13,13,5,154,209,16,14,6636,3.546875,10000,0.004,0.5
traincgb,0.0302777777777778,139,12,15,2,208,158,14,17,6635,6.171875,10000,0.004,0.5
traincgb,0.0165277777777778,139,15,12,2,303,63,16,11,6639,8.6875,10000,0.004,0.5
traincgb,0.0229166666666667,139,15,12,5,276,87,20,26,6620,10.0625,10000,0.004,0.5
traincgb,0.01625,147,6,13,2,294,72,12,12,6642,10.578125,10000,0.004,0.5
traincgb,0.0261111111111111,139,11,16,3,241,124,16,18,6632,5.0625,10000,0.004,0.5
traincgb,0.0216666666666667,142,11,13,3,259,106,12,11,6643,6.78125,10000,0.004,0.5
traincgb,0.0215277777777778,144,7,15,3,261,104,16,10,6640,8.421875,10000,0.004,0.5
traincgb,0.025,141,12,13,2,240,126,11,16,6639,4.5,10000,0.004,0.5
traincgb,0.0202777777777778,140,11,15,6,270,92,12,10,6644,7.953125,10000,0.004,0.5
traincgb,0.0245833333333333,145,12,9,1,239,128,13,14,6639,6.921875,10000,0.004,0.5
traincgb,0.0311111111111111,128,20,18,1,206,161,10,14,6642,4.234375,10000,0.004,0.5
traincgb,0.0484722222222222,126,23,17,1,84,283,15,10,6641,1.796875,10000,0.004,0.5
