funcion_entrenamiento,avg_c,C1_1,C1_2,C1_3,C2_1,C2_2,C2_3,C3_1,C3_2,C3_3,tiempo_entrenamiento,max_fail,alpha,beta
traincgf,0.0371597222222222,130.05,19.5,16.45,11.4,177.55,179.05,14.8,26.35,6624.85,3.95078125,50,0.002,0.5
