funcion_entrenamiento,avg_c,C1_1,C1_2,C1_3,C2_1,C2_2,C2_3,C3_1,C3_2,C3_3,tiempo_entrenamiento,max_fail,alpha,beta
traincgf,0.0320694444444444,136.55,15.45,14,11.35,205.6,151.05,15.45,23.6,6626.95,5.47109375,50,0.004,0.1
