funcion_entrenamiento,avg_c,C1_1,C1_2,C1_3,C2_1,C2_2,C2_3,C3_1,C3_2,C3_3,tiempo_entrenamiento,max_fail,alpha,beta
traincgf,0.0271111111111111,134.85,16.4,14.75,6.5,240.55,120.95,13.65,22.95,6629.4,6.47578125,70,0.002,0.7
