funcion_entrenamiento,avg_c,C1_1,C1_2,C1_3,C2_1,C2_2,C2_3,C3_1,C3_2,C3_3,tiempo_entrenamiento,max_fail,alpha,beta
traincgf,0.0338819444444444,127.6,22.05,16.35,11.25,200.95,155.8,11.65,26.85,6627.5,4.14765625,40,0.002,0.5
