funcion_entrenamiento,avg_c,C1_1,C1_2,C1_3,C2_1,C2_2,C2_3,C3_1,C3_2,C3_3,tiempo_entrenamiento,max_fail,alpha,beta
traincgf,0.0265138888888889,134.45,15.7,15.85,11.65,242.8,113.55,12.5,21.65,6631.85,7.41640625,70,0.003,0.1
