funcion_entrenamiento,avg_c,C1_1,C1_2,C1_3,C2_1,C2_2,C2_3,C3_1,C3_2,C3_3,tiempo_entrenamiento,max_fail,alpha,beta
traincgf,0.0260069444444444,131.75,18.45,15.8,13.55,253.65,100.8,12.55,26.1,6627.35,5.58515625,60,0.003,0.5
