funcion_entrenamiento,avg_c,C1_1,C1_2,C1_3,C2_1,C2_2,C2_3,C3_1,C3_2,C3_3,tiempo_entrenamiento,max_fail,alpha,beta
traincgf,0.0331597222222222,131.65,18.3,16.05,9.6,199.05,159.35,13.45,22,6630.55,5.5296875,50,0.003,0.7
