funcion_entrenamiento,avg_c,C1_1,C1_2,C1_3,C2_1,C2_2,C2_3,C3_1,C3_2,C3_3,tiempo_entrenamiento,max_fail,alpha,beta
traincgf,0.0313680555555555,132,19.25,14.75,10.85,215.3,141.85,13.95,25.2,6626.85,5.21796875,40,0.001,0.1
