funcion_entrenamiento,avg_c,C1_1,C1_2,C1_3,C2_1,C2_2,C2_3,C3_1,C3_2,C3_3,tiempo_entrenamiento,max_fail,alpha,beta
traincgf,0.0320277777777778,135.2,14.7,16.1,9.9,200.15,157.95,13.45,18.5,6634.05,5.26953125,60,0.003,0.7
