funcion_entrenamiento,avg_c,C1_1,C1_2,C1_3,C2_1,C2_2,C2_3,C3_1,C3_2,C3_3,tiempo_entrenamiento,max_fail,alpha,beta
traincgf,0.0513541666666667,129.6,17.45,18.95,12.35,72.15,283.5,17.5,20,6628.5,1.87734375,10,0.001,0.3
