funcion_entrenamiento,avg_c,C1_1,C1_2,C1_3,C2_1,C2_2,C2_3,C3_1,C3_2,C3_3,tiempo_entrenamiento,max_fail,alpha,beta
traincgf,0.0271180555555556,133.35,16,16.65,11.4,246.45,110.15,13.3,27.75,6624.95,5.63515625,70,0.003,0.5
