funcion_entrenamiento,avg_c,C1_1,C1_2,C1_3,C2_1,C2_2,C2_3,C3_1,C3_2,C3_3,tiempo_entrenamiento,max_fail,alpha,beta
traincgf,0.0248888888888889,136.55,14.5,14.95,11.2,254.2,102.6,12.65,23.3,6630.05,7.12578125,80,0.003,0.1
