funcion_entrenamiento,avg_c,C1_1,C1_2,C1_3,C2_1,C2_2,C2_3,C3_1,C3_2,C3_3,tiempo_entrenamiento,max_fail,alpha,beta
traincgf,0.0285486111111111,134.85,15.7,15.45,11.85,232.15,124,13.75,24.8,6627.45,5.8296875,50,0.002,0.1
