funcion_entrenamiento,avg_c,C1_1,C1_2,C1_3,C2_1,C2_2,C2_3,C3_1,C3_2,C3_3,tiempo_entrenamiento,max_fail,alpha,beta
traincgf,0.0254930555555556,136.85,12.95,16.2,10.4,248.35,109.25,12.4,22.35,6631.25,6.9703125,80,0.004,0.3
