funcion_entrenamiento,avg_c,C1_1,C1_2,C1_3,C2_1,C2_2,C2_3,C3_1,C3_2,C3_3,tiempo_entrenamiento,max_fail,alpha,beta
traincgf,0.0260555555555556,131.25,20.2,14.55,8.85,255.35,103.8,12.15,28.05,6625.8,5.99453125,70,0.004,0.5
