funcion_entrenamiento,avg_c,C1_1,C1_2,C1_3,C2_1,C2_2,C2_3,C3_1,C3_2,C3_3,tiempo_entrenamiento,max_fail,alpha,beta
traincgf,0.0262430555555556,130.3,21.1,14.6,13.15,253.05,101.8,11.35,26.95,6627.7,6.1484375,70,0.001,0.5
