funcion_entrenamiento,avg_c,C1_1,C1_2,C1_3,C2_1,C2_2,C2_3,C3_1,C3_2,C3_3,tiempo_entrenamiento,max_fail,alpha,beta
traincgf,0.0215972222222222,135.35,15.45,15.2,11.7,278.9,77.4,11.2,24.55,6630.25,7.88203125,100,0.002,0.5
