funcion_entrenamiento,avg_c,C1_1,C1_2,C1_3,C2_1,C2_2,C2_3,C3_1,C3_2,C3_3,tiempo_entrenamiento,max_fail,alpha,beta
traincgf,0.0405972222222222,130.3,18.05,17.65,13.6,150.45,203.95,14.85,24.2,6626.95,2.76171875,20,0.002,0.5
