funcion_entrenamiento,avg_c,C1_1,C1_2,C1_3,C2_1,C2_2,C2_3,C3_1,C3_2,C3_3,tiempo_entrenamiento,max_fail,alpha,beta
traincgf,0.0304930555555556,133.75,16.3,15.95,7.1,218.75,142.15,13.7,24.35,6627.95,6.0953125,80,0.004,0.7
