funcion_entrenamiento,avg_c,C1_1,C1_2,C1_3,C2_1,C2_2,C2_3,C3_1,C3_2,C3_3,tiempo_entrenamiento,max_fail,alpha,beta
traincgf,0.0292083333333333,133.3,17.8,14.9,12.35,229.95,125.7,13.7,25.85,6626.45,6.41171875,70,0.004,0.3
