funcion_entrenamiento,avg_c,C1_1,C1_2,C1_3,C2_1,C2_2,C2_3,C3_1,C3_2,C3_3,tiempo_entrenamiento,max_fail,alpha,beta
traincgf,0.0290555555555556,135.45,15.15,15.4,7.1,221.45,139.45,13.15,18.95,6633.9,6.6234375,60,0.001,0.7
