funcion_entrenamiento,avg_c,C1_1,C1_2,C1_3,C2_1,C2_2,C2_3,C3_1,C3_2,C3_3,tiempo_entrenamiento,max_fail,alpha,beta
traincgf,0.0320347222222222,130.55,19.8,15.65,11.5,221.15,135.35,14.25,34.1,6617.65,4.5515625,30,0.003,0.1
