funcion_entrenamiento,avg_c,C1_1,C1_2,C1_3,C2_1,C2_2,C2_3,C3_1,C3_2,C3_3,tiempo_entrenamiento,max_fail,alpha,beta
traincgf,0.0250833333333333,136.65,14.45,14.9,10.05,249.35,108.6,12.45,20.15,6633.4,6.91328125,80,0.002,0.7
