funcion_entrenamiento,avg_c,C1_1,C1_2,C1_3,C2_1,C2_2,C2_3,C3_1,C3_2,C3_3,tiempo_entrenamiento,max_fail,alpha,beta
traincgf,0.0284236111111111,130.75,14.25,21,7.65,232.3,128.05,12.15,21.55,6632.3,6.39765625,70,0.004,0.7
