funcion_entrenamiento,avg_c,C1_1,C1_2,C1_3,C2_1,C2_2,C2_3,C3_1,C3_2,C3_3,tiempo_entrenamiento,max_fail,alpha,beta
traincgf,0.0216736111111111,135.75,15.35,14.9,10.25,278.75,79,12.2,24.35,6629.45,7.0359375,60,0.002,0.3
