funcion_entrenamiento,avg_c,C1_1,C1_2,C1_3,C2_1,C2_2,C2_3,C3_1,C3_2,C3_3,tiempo_entrenamiento,max_fail,alpha,beta
traincgf,0.0237708333333333,139.15,10.95,15.9,11.3,258.15,98.55,11.85,22.6,6631.55,8.03984375,90,0.001,0.3
