funcion_entrenamiento,avg_c,C1_1,C1_2,C1_3,C2_1,C2_2,C2_3,C3_1,C3_2,C3_3,tiempo_entrenamiento,max_fail,alpha,beta
traincgf,0.0469722222222222,130.4,18.15,17.45,12.7,102.25,253.05,15.15,21.7,6629.15,2.38125,20,0.001,0.5
