funcion_entrenamiento,avg_c,C1_1,C1_2,C1_3,C2_1,C2_2,C2_3,C3_1,C3_2,C3_3,tiempo_entrenamiento,max_fail,alpha,beta
traincgf,0.0393611111111111,125.55,21.35,19.1,7.2,159.2,201.6,14.45,19.7,6631.85,4.35859375,40,0.003,0.7
