funcion_entrenamiento,avg_c,C1_1,C1_2,C1_3,C2_1,C2_2,C2_3,C3_1,C3_2,C3_3,tiempo_entrenamiento,max_fail,alpha,beta
traincgf,0.0337013888888889,132.6,19,14.4,9.95,195.9,162.15,14.25,22.9,6628.85,5.02578125,50,0.001,0.7
