funcion_entrenamiento,avg_c,C1_1,C1_2,C1_3,C2_1,C2_2,C2_3,C3_1,C3_2,C3_3,tiempo_entrenamiento,max_fail,alpha,beta
traincgf,0.0262986111111111,135.55,15.55,14.9,9.85,245.35,112.8,12.75,23.5,6629.75,7.53515625,70,0.001,0.1
