funcion_entrenamiento,avg_c,C1_1,C1_2,C1_3,C2_1,C2_2,C2_3,C3_1,C3_2,C3_3,tiempo_entrenamiento,max_fail,alpha,beta
traincgf,0.0218472222222222,134.85,16.15,15,11.55,276.75,79.7,10.35,24.55,6631.1,8.6828125,90,0.004,0.1
