funcion_entrenamiento,avg_c,C1_1,C1_2,C1_3,C2_1,C2_2,C2_3,C3_1,C3_2,C3_3,tiempo_entrenamiento,max_fail,alpha,beta
traincgf,0.0202986111111111,139.85,11.15,15,3.75,278.5,85.75,12.65,17.85,6635.5,8.96796875,90,0.001,0.7
