funcion_entrenamiento,avg_c,C1_1,C1_2,C1_3,C2_1,C2_2,C2_3,C3_1,C3_2,C3_3,tiempo_entrenamiento,max_fail,alpha,beta
traincgf,0.0382569444444444,131.9,17.15,16.95,13.65,166.55,187.8,12.7,27.2,6626.1,3.39453125,20,0.004,0.1
