funcion_entrenamiento,avg_c,C1_1,C1_2,C1_3,C2_1,C2_2,C2_3,C3_1,C3_2,C3_3,tiempo_entrenamiento,max_fail,alpha,beta
traincgf,0.0351388888888889,134.9,16.55,14.55,12.85,192.65,162.5,15.05,31.5,6619.45,3.56875,20,0.003,0.3
