funcion_entrenamiento,avg_c,C1_1,C1_2,C1_3,C2_1,C2_2,C2_3,C3_1,C3_2,C3_3,tiempo_entrenamiento,max_fail,alpha,beta
traincgf,0.0223888888888889,135.95,16.2,13.85,11.9,273.65,82.45,12.4,24.4,6629.2,7.03359375,80,0.002,0.5
