funcion_entrenamiento,avg_c,C1_1,C1_2,C1_3,C2_1,C2_2,C2_3,C3_1,C3_2,C3_3,tiempo_entrenamiento,max_fail,alpha,beta
traincgf,0.0199930555555556,137.65,14.1,14.25,8.75,286.75,72.5,11.55,22.8,6631.65,9.46328125,80,0.004,0.1
