funcion_entrenamiento,avg_c,C1_1,C1_2,C1_3,C2_1,C2_2,C2_3,C3_1,C3_2,C3_3,tiempo_entrenamiento,max_fail,alpha,beta
traincgf,0.0216458333333333,137.2,15.55,13.25,13.1,277.6,77.3,12.25,24.4,6629.35,8.1609375,100,0.002,0.3
