funcion_entrenamiento,avg_c,C1_1,C1_2,C1_3,C2_1,C2_2,C2_3,C3_1,C3_2,C3_3,tiempo_entrenamiento,max_fail,alpha,beta
traincgf,0.0297638888888889,134.75,15.95,15.3,8.5,216.6,142.9,12.45,19.2,6634.35,5.84453125,80,0.001,0.7
