funcion_entrenamiento,avg_c,C1_1,C1_2,C1_3,C2_1,C2_2,C2_3,C3_1,C3_2,C3_3,tiempo_entrenamiento,max_fail,alpha,beta
traincgf,0.0325555555555556,133.75,15.8,16.45,12,205.65,150.35,14.95,24.85,6626.2,4.93671875,80,0.003,0.5
