funcion_entrenamiento,avg_c,C1_1,C1_2,C1_3,C2_1,C2_2,C2_3,C3_1,C3_2,C3_3,tiempo_entrenamiento,max_fail,alpha,beta
traincgb,0.0548819444444445,121.8,19.05,25.15,4.15,39.5,324.35,14.05,8.4,6643.55,1.42578125,100,0.001,0.7
