funcion_entrenamiento,avg_c,C1_1,C1_2,C1_3,C2_1,C2_2,C2_3,C3_1,C3_2,C3_3,tiempo_entrenamiento,max_fail,alpha,beta
traincgb,0.0587013888888889,109.55,16.75,39.7,2.9,20.75,344.35,13.25,5.7,6647.05,1.65859375,90,0.004,0.9
