funcion_entrenamiento,avg_c,C1_1,C1_2,C1_3,C2_1,C2_2,C2_3,C3_1,C3_2,C3_3,tiempo_entrenamiento,max_fail,alpha,beta
traincgb,0.0556944444444445,123.25,17.05,25.7,4.25,32.65,331.1,14.65,8.25,6643.1,1.36484375,80,0.004,0.7
