funcion_entrenamiento,avg_c,C1_1,C1_2,C1_3,C2_1,C2_2,C2_3,C3_1,C3_2,C3_3,tiempo_entrenamiento,max_fail,alpha,beta
traincgb,0.0477986111111111,129.6,18.75,17.65,7.45,90.45,270.1,16.05,14.15,6635.8,1.92265625,60,0.005,0.1
