funcion_entrenamiento,avg_c,C1_1,C1_2,C1_3,C2_1,C2_2,C2_3,C3_1,C3_2,C3_3,tiempo_entrenamiento,max_fail,alpha,beta
traincgb,0.0463194444444445,123.65,15.95,26.4,3.25,101.5,263.25,13.4,11.25,6641.35,2.94609375,20,0.001,0.7
