funcion_entrenamiento,avg_c,C1_1,C1_2,C1_3,C2_1,C2_2,C2_3,C3_1,C3_2,C3_3,tiempo_entrenamiento,max_fail,alpha,beta
traincgb,0.0589027777777778,107.45,13.15,45.4,2.4,19.45,346.15,12.45,4.55,6649,1.46328125,100,0.004,0.9
