funcion_entrenamiento,avg_c,C1_1,C1_2,C1_3,C2_1,C2_2,C2_3,C3_1,C3_2,C3_3,tiempo_entrenamiento,max_fail,alpha,beta
traincgb,0.0455763888888889,129.35,18.05,18.6,6.25,105.75,256,14.15,15.1,6636.75,2.146875,90,0.003,0.1
