funcion_entrenamiento,avg_c,C1_1,C1_2,C1_3,C2_1,C2_2,C2_3,C3_1,C3_2,C3_3,tiempo_entrenamiento,max_fail,alpha,beta
traincgb,0.0432361111111111,130.8,16.6,18.6,8.85,121.75,237.4,15.55,14.3,6636.15,2.22578125,90,0.001,0.1
