funcion_entrenamiento,avg_c,C1_1,C1_2,C1_3,C2_1,C2_2,C2_3,C3_1,C3_2,C3_3,tiempo_entrenamiento,max_fail,alpha,beta
traincgb,0.0585902777777778,110.55,16.8,38.65,2.65,19.7,345.65,12.75,5.35,6647.9,1.42265625,100,0.002,0.9
