funcion_entrenamiento,avg_c,C1_1,C1_2,C1_3,C2_1,C2_2,C2_3,C3_1,C3_2,C3_3,tiempo_entrenamiento,max_fail,alpha,beta
traincgb,0.0482291666666667,129.1,16.45,20.45,4.95,87.2,275.85,15.3,14.25,6636.45,1.7953125,70,0.004,0.3
