funcion_entrenamiento,avg_c,C1_1,C1_2,C1_3,C2_1,C2_2,C2_3,C3_1,C3_2,C3_3,tiempo_entrenamiento,max_fail,alpha,beta
traincgb,0.0420347222222222,131.55,17.55,16.9,4.6,127.7,235.7,15.35,12.55,6638.1,3.58828125,30,0.004,0.7
