funcion_entrenamiento,avg_c,C1_1,C1_2,C1_3,C2_1,C2_2,C2_3,C3_1,C3_2,C3_3,tiempo_entrenamiento,max_fail,alpha,beta
traincgb,0.0440208333333333,132.55,16.5,16.95,7.45,113.95,246.6,16.2,13.25,6636.55,2.2078125,90,0.002,0.1
