funcion_entrenamiento,avg_c,C1_1,C1_2,C1_3,C2_1,C2_2,C2_3,C3_1,C3_2,C3_3,tiempo_entrenamiento,max_fail,alpha,beta
traincgb,0.0449027777777778,130.85,16.5,18.65,6.9,107.7,253.4,15.7,12.15,6638.15,2.24921875,90,0.001,0.3
