funcion_entrenamiento,avg_c,C1_1,C1_2,C1_3,C2_1,C2_2,C2_3,C3_1,C3_2,C3_3,tiempo_entrenamiento,max_fail,alpha,beta
traincgb,0.0466597222222222,132.45,15.8,17.75,7.85,95.05,265.1,15.6,13.85,6636.55,2.12734375,100,0.002,0.1
