funcion_entrenamiento,avg_c,C1_1,C1_2,C1_3,C2_1,C2_2,C2_3,C3_1,C3_2,C3_3,tiempo_entrenamiento,max_fail,alpha,beta
traincgb,0.0416736111111111,130.45,17.35,18.2,3.4,130.25,234.35,15.1,11.65,6639.25,3.71328125,50,0.002,0.7
