funcion_entrenamiento,avg_c,C1_1,C1_2,C1_3,C2_1,C2_2,C2_3,C3_1,C3_2,C3_3,tiempo_entrenamiento,max_fail,alpha,beta
traincgb,0.0540486111111111,126.75,18.35,20.9,6.65,45.75,315.6,14.95,12.7,6638.35,1.38828125,80,0.004,0.5
