funcion_entrenamiento,avg_c,C1_1,C1_2,C1_3,C2_1,C2_2,C2_3,C3_1,C3_2,C3_3,tiempo_entrenamiento,max_fail,alpha,beta
traincgb,0.0487569444444444,129.05,17.65,19.3,5.25,81.35,281.4,15.65,11.8,6638.55,1.98671875,100,0.004,0.5
