funcion_entrenamiento,avg_c,C1_1,C1_2,C1_3,C2_1,C2_2,C2_3,C3_1,C3_2,C3_3,tiempo_entrenamiento,max_fail,alpha,beta
traincgb,0.0484513888888889,129.8,17.75,18.45,6.15,82.45,279.4,15.15,11.95,6638.9,1.81640625,70,0.005,0.3
